Date,Platform,Caption Copy,Image Generation Prompt
2026-03-30,Facebook,"🎉 Monday Deal Drop! Fresh finds are in — and the prices? Unreal. ChipChip's got your week covered with group deals that actually make sense. Grab your crew, split the savings! 👇 Tap to shop now","Clean white background with soft curved red shapes. A group of diverse young people smiling and holding shopping bags. Bold Montserrat text overlay: 'DEAL DROP'. ChipChip logo bottom-right. Minimal, playful, modern aesthetic. Red, white, and black palette only."
2026-03-30,Instagram,"Smart shoppers don't shop alone 🧠💸 Tag someone who needs to see today's deals — because group buying = group saving. It's giving community. It's giving ChipChip. #ChipChip #GroupBuying #SmartSavings","Flat lay of curated products on a clean white surface with red circular accents. Soft shadows. Bold headline 'GROUP BUYING' in Montserrat black. Playful red circles framing the layout. ChipChip logo centered at bottom. Modern, youthful, minimal design."
2026-03-01,Facebook,"Tuesday Vibes ☀️ New arrivals just dropped on ChipChip! Think trending essentials at prices your wallet will thank you for. Rally your group and let the savings roll in 🛒","Abstract curved shapes in red on white background with scattered product icons (fashion, electronics, home). Bold Montserrat headline: 'NEW ARRIVALS'. Black text body. Circular red badge with 'Shop Now'. ChipChip logo. Clean, modern layout."
2026-03-01,Telegram,"🛒 Did you know? The more friends you shop with, the bigger the discount on ChipChip? That's not a hack — that's just how we work. Join a group, unlock the price, everyone wins. Simple. #ChipChipCommunity","Split composition: left side shows single shopper with full price tag, right side shows group with slashed price tags. White background, red accents, curved divider line. Montserrat bold: 'SHOP TOGETHER. SAVE TOGETHER.' ChipChip logo. Playful modern style."
2026-03-02,Instagram,"POV: You just found the deal of the week and your group chat is going crazy 😂🔥 Save this for the next time someone says 'where should we shop?' You know the answer. #ChipChip #DealOfTheWeek","Smartphone mockup on white background showing a deal notification. Red curved burst graphic behind it. Montserrat bold text: 'DEAL ALERT'. Happy emoji-style illustrations in black. ChipChip logo bottom-left. Youthful, clean, minimal."
2026-03-02,Facebook,"Wednesday = Midweek Win 🏆 We're spotlighting this week's hottest group deals on ChipChip. Don't sleep on these — prices drop as more people join! Link in bio 👀","Circular spotlight graphic on white background with product showcased in center. Red ring accent. Montserrat headline: 'MIDWEEK SPOTLIGHT'. Black descriptive text. Curved red underline elements. ChipChip logo top-right. Modern, clean, affordable feel."
2026-03-03,Telegram,"💡 ChipChip Tip: Start a group, share the link, watch the price drop. That's literally it. No catch, no hidden fees. Just community-powered savings. Try it today →","Step-by-step infographic: 1-2-3 circles connected by curved lines in red. White background. Each step in Montserrat bold: 'Start → Share → Save'. Playful icons inside circles. ChipChip logo at top. Minimal, trustworthy, modern design."
2026-03-03,Instagram,"When your friend says 'I'll buy it later' and the deal ends tonight 😩💀 Don't let them miss out — tag them NOW. #ChipChip #LastChance","Funny meme-style layout: split image with dramatic reaction face on left, product deal on right. White background with red curved banner: 'DON'T MISS OUT'. Montserrat bold text. ChipChip logo. Youthful, playful, minimal aesthetic."
2026-03-04,Facebook,"Friday Energy 🔥 Weekend shopping mode is ON. ChipChip's group deals are heating up — jump in before the best picks are gone! Community shopping never looked this good.","Dynamic curved red swoosh on white background with product carousel mockup. Bold Montserrat headline: 'WEEKEND MODE ON'. Shopping cart icon with sparkles. ChipChip logo centered bottom. Modern, energetic, clean design. Black text only."
2026-03-04,Telegram,"Your weekend plans: ☐ Netflix ☐ Snacks ☐ Shop on ChipChip ☐ All of the above ✅ Smart shoppers know — group deals + weekends = unbeatable combo. Browse now!","Checklist graphic with playful checkmarks in red on white background. Circular number badges. Montserrat text for list items. Red accent bar at top. 'Shop Smart. Together.' tagline in bold. ChipChip logo. Clean, modern, community feel."
2026-03-05,Instagram,"Saturday Stroll through ChipChip deals 🚶‍♀️🛍️ Fresh picks. Group prices. Weekend vibes only. Swipe up to explore what's trending today! #ChipChip #WeekendVibes","Curved path illustration on white background leading through product icons. Red dotted line follows the path. Montserrat headline: 'WEEKEND PICKS'. Playful circular product thumbnails along the path. ChipChip logo. Youthful, fun, minimal style."
2026-03-05,Facebook,"Sunday Reset 🧘 Start the new week with a fresh cart on ChipChip. Top trending group deals are live — and they won't last long. Treat yourself (and your friends) this week!","Clean white background with soft red circular gradient. Products arranged in a gentle arc. Montserrat bold: 'FRESH WEEK. FRESH DEALS.' Serene, modern layout with curved elements. ChipChip logo bottom-center. Black text. Minimal, trustworthy."
2026-03-06,Instagram,"New week. New deals. Same community energy 💪❤️ ChipChip is where smart shoppers come together. Follow for weekly drops you won't want to miss! #ChipChip #ComingThisWeek","Teaser grid of blurred product images with red overlay circles. Montserrat bold headline: 'WHAT'S COMING THIS WEEK'. Curved red accent lines. 'Follow for drops' call-to-action in black. ChipChip logo centered. Modern, sleek, anticipatory design."
